id,senha
9270,71BA6F64
7433,5B90E1AD
2233,41ED05CF
433,E1BCC94C
8849,29A4904C
9849,E4BC7C9F
4955,3F9ED96C
6455,AAEEFB9C
2180,041FE555
5755,1AA49D61
7935,AC437E40
3375,F6CACE87
708,02F69ED7
8949,742DFA8B
7236,27C5E069
1872,696D591B
4062,ACD359DF
150,0F075664
7264,51B35988
5030,DE439CEF
1798,EEDA91A3
5799,FEC63982
6749,E9B3E795
1746,BE9314AE
5167,6569DD75
2086,6A2B2CF2
1732,563318E2
9590,BDF13742
97,979453BB
4675,E8DD1B0D
5966,68165B66
3797,066673D0
9287,05AD6AF5
6425,93C0292D
9143,C4390A15
6438,BFF931CA
5858,044D4717
6014,48E30227
6436,A9A8017C
2966,D92AAF08
4655,EA866607
1741,5CE9985C
7818,B5616A90
9617,31796A84
1586,F4D439A7
2455,520DA9F4
4961,C0638637
9881,5DBF5838
3182,7D408473
5107,49F369B8
5181,22A3F34C
9768,03BAE1CE
7085,D90EDCB0
1169,85B48EBF
1597,A84722D8
6684,CCF604AD
2263,C775FD86
5533,ED27D9BC
4700,6C87C158
8394,E79C0429
4049,A76A24D8
7924,7166EEA1
1400,CA0CC4E3
7868,2F0E040E
4326,0A975F04
3077,CAD21CEB
9540,0EDEA4A8
6205,8F516CBE
2158,BAA12A08
2027,AF2DB17C
6898,6110BFC2
197,79C32517
6239,5A96560F
2195,42EE9A21
9187,5E76AE10
911,A375C175
3913,902796B2
611,A4AE2FC5
9923,929C578B
4414,AF1C0C7B
5406,B01FCC1B
6776,6106619C
4050,7119BB6D
7466,2756026A
3740,457A3A18
2166,A0305FC9
4447,D8D538FB
8502,AC3585C4
9136,620D5DDD
3077,9A3365CB
9131,2FE61ABB
9517,FC934754
894,9E7C2D7F
9278,27995FB1
1050,218E69B7
3318,408FCFC5
145,44E68B02
160,B60D5922
5357,E156E3FC
3953,C85E5EED
