id,senha
6455,4B229A9F
2195,BE5EA203
2455,520DA9F4
4326,0A975F04
7466,2756026A
5799,FEC63982
6898,74ED6FF8
4414,AF1C0C7B
8949,725AB07A
1872,696D591B
1597,E1C6A3D3
4447,D8D538FB
1798,EEDA91A3
4050,7119BB6D
9287,CAA06A04
9278,57342280
9187,5E76AE10
9617,2B076F81
3797,A5158CD6
9517,034FFF8F
2966,D92AAF08
611,D6685C0B
2027,44E73C68
1400,2C9B34F1
150,63B944FF
3077,F8EBABD9
197,79C32517
5755,A4B22A33
9849,E4BC7C9F
5966,15D86326
6749,E9B3E795
4049,CD0F51F3
6014,48E30227
3375,F6CACE87
5167,6569DD75
708,02F69ED7
7433,963F7AFA
7935,CEB881FF
9131,2FE61ABB
4675,E3325BC5
4655,EA866607
160,B60D5922
6239,5A96560F
9768,31E5CE27
7264,51B35988
4961,1BFC716F
1586,C564F031
8849,80F48E0C
5858,044D4717
3953,C85E5EED
6684,CCF604AD
3318,BB2EC6C5
2166,8EC511FA
2086,84640E57
3077,EA939C68
5357,E156E3FC
4062,ACD359DF
5533,3BF13800
145,44E68B02
7236,27C5E069
9540,0EDEA4A8
2233,EFB0D6D0
1050,6E50CC50
1746,BE9314AE
5107,49F369B8
2158,BAA12A08
97,979453BB
1732,563318E2
7818,0396889C
1741,420B0D32
894,FCC36C1A
9270,7A1795B5
4955,1C4A5AD0
7924,7166EEA1
433,309A4C2C
6205,8F516CBE
7868,0139BCDA
6436,D1381773
9143,C4390A15
3182,7D408473
8502,67310B07
6425,93C0292D
9590,BDF13742
5030,B09953DD
7085,D90EDCB0
3740,7960C41F
8394,E79C0429
6438,2081D580
6776,6106619C
1169,85B48EBF
2263,C775FD86
4700,569027A5
9136,231358B8
3913,902796B2
2180,423C5457
911,A375C175
9923,3555B4A8
9881,5DBF5838
5406,17E88A1C
5181,8A4B7D82
